Modo,N,min,max,avg,std
paralelo,50,0.003226,0.007493,0.00521293,0.0011785537383770094
