Modo,N,min,max,avg,std
secuencial,900,4.5e-05,0.05938,0.02942401938426454,0.017034473908523945
