Modo,N,min,max,avg,std
paralelo,500,5e-06,0.028431,0.01367463492063492,0.007938888985864414
