Modo,N,min,max,avg,std
secuencial,500,4e-06,0.032358,0.015986671875,0.009080882018690305
