Modo,N,min,max,avg,std
justo,500,0.002479,0.036448,0.019209484,0.009818680636377943
