Modo,N,min,max,avg,std
secuencial,50,0.000251,5.369659,2.68578277,2.6971450902443888
