Modo,N,min,max,avg,std
justo,900,3.5e-05,0.053754,0.026886823863636364,0.015529302305795146
