Modo,N,min,max,avg,std
paralelo,900,0.005268,0.087199,0.041129805,0.02139486933441951
