Modo,N,min,max,avg,std
secuencial,500,0.00021,5.228868,2.620253455,2.601849169519766
