Modo,N,min,max,avg,std
secuencial,50,0.000293,0.003769,0.00193481,0.0009961982145774368
