Modo,N,min,max,avg,std
secuencial,50,0.002976,0.006348,0.00449016,0.0009756055950904121
