Modo,N,min,max,avg,std
justo,50,0.000207,0.00323,0.0017910923076923076,0.0007970782137570653
